{
  "data": {
    "notes": [
      {
        "id": "94cc2aa4-41ae-4e9c-9c77-277ea8c76d77",
        "position": {
          "x": 0.49119642667954144,
          "y": 4.850469967771718,
          "z": 0.08403984807069764
        },
        "endPosition": {
          "x": 0.49119642667954144,
          "y": 4.850469967771718,
          "z": 0.08403984807069764
        },
        "text": "Life",
        "upstream": [],
        "downstream": [
          "c9c93b07-4670-4a27-9937-fb017802c414",
          "ca3f6fca-4c9b-41c3-bb43-0762d8168eb1",
          "0c9510fd-b17e-46f4-9250-a3ac707ae5c5"
        ],
        "isPinned": true
      },
      {
        "id": "c9c93b07-4670-4a27-9937-fb017802c414",
        "position": {
          "x": 2.8236867079632493,
          "y": 2.783231811730574,
          "z": -0.4700717981402933
        },
        "endPosition": {
          "x": 2.8236867079632493,
          "y": 2.783231811730574,
          "z": -0.4700717981402933
        },
        "text": "Finances",
        "upstream": [
          "94cc2aa4-41ae-4e9c-9c77-277ea8c76d77"
        ],
        "downstream": [
          "38ff24ed-02d7-41cd-87e2-cde05f3672de",
          "010288c5-c02a-43ff-859e-a651da91887f"
        ],
        "isPinned": true
      },
      {
        "id": "38ff24ed-02d7-41cd-87e2-cde05f3672de",
        "position": {
          "x": 3.2545953737014544,
          "y": 0.7561749517700229,
          "z": -2.0200760281631394
        },
        "endPosition": {
          "x": 3.256137496673621,
          "y": 0.7559866306076224,
          "z": -2.0187976827448737
        },
        "text": "Debt Management",
        "upstream": [
          "c9c93b07-4670-4a27-9937-fb017802c414"
        ],
        "downstream": [
          "30616c8f-7902-4b36-839e-ab39128846a2",
          "47d507cc-b366-4408-a70b-4be926941e81"
        ],
        "isPinned": false
      },
      {
        "id": "010288c5-c02a-43ff-859e-a651da91887f",
        "position": {
          "x": 1.4313628138056647,
          "y": 0.5080596236247132,
          "z": -0.09108558159473455
        },
        "endPosition": {
          "x": 1.4317064665721853,
          "y": 0.5081003282554635,
          "z": -0.09036917905146716
        },
        "text": "Income",
        "upstream": [
          "c9c93b07-4670-4a27-9937-fb017802c414"
        ],
        "downstream": [
          "fd1f7d48-bd10-4903-a3bd-127bc9f69391",
          "f2597a43-4bcc-43f1-9dd6-bab2e1a0b6b4",
          "22d76025-68a4-4d50-af75-b33170b80c1e"
        ],
        "isPinned": false
      },
      {
        "id": "fd1f7d48-bd10-4903-a3bd-127bc9f69391",
        "position": {
          "x": 1.8738436804104563,
          "y": -1.7655774588924746,
          "z": 1.1890898650155135
        },
        "endPosition": {
          "x": 1.8773197975770908,
          "y": -1.7655155844291732,
          "z": 1.1890373353716488
        },
        "text": "Find Work",
        "upstream": [
          "010288c5-c02a-43ff-859e-a651da91887f"
        ],
        "downstream": [],
        "isPinned": false
      },
      {
        "id": "f2597a43-4bcc-43f1-9dd6-bab2e1a0b6b4",
        "position": {
          "x": -0.38933012051149035,
          "y": -1.3899997435516593,
          "z": -0.37081341754535907
        },
        "endPosition": {
          "x": -0.38893430834630094,
          "y": -1.3899484752190316,
          "z": -0.37101791688248736
        },
        "text": "Start New Project",
        "upstream": [
          "010288c5-c02a-43ff-859e-a651da91887f",
          "ca3f6fca-4c9b-41c3-bb43-0762d8168eb1"
        ],
        "downstream": [],
        "isPinned": false
      },
      {
        "id": "ca3f6fca-4c9b-41c3-bb43-0762d8168eb1",
        "position": {
          "x": -0.4636380499088888,
          "y": 2.37669470608854,
          "z": -0.7899754668844502
        },
        "endPosition": {
          "x": -0.4636380499088888,
          "y": 2.37669470608854,
          "z": -0.7899754668844502
        },
        "text": "Passion",
        "upstream": [
          "94cc2aa4-41ae-4e9c-9c77-277ea8c76d77"
        ],
        "downstream": [
          "f2597a43-4bcc-43f1-9dd6-bab2e1a0b6b4"
        ],
        "isPinned": true
      },
      {
        "id": "22d76025-68a4-4d50-af75-b33170b80c1e",
        "position": {
          "x": 1.4176701554430415,
          "y": -3.6302043532711914,
          "z": -0.7779708561264094
        },
        "endPosition": {
          "x": 1.4180283857476121,
          "y": -3.630406072051288,
          "z": -0.7770415706932803
        },
        "text": "Jobseeker",
        "upstream": [
          "010288c5-c02a-43ff-859e-a651da91887f",
          "30616c8f-7902-4b36-839e-ab39128846a2"
        ],
        "downstream": [],
        "isPinned": false
      },
      {
        "id": "30616c8f-7902-4b36-839e-ab39128846a2",
        "position": {
          "x": 1.6440058565404942,
          "y": -1.3302043532711916,
          "z": -2.141723847245196
        },
        "endPosition": {
          "x": 1.6456995122027165,
          "y": -1.330406072051288,
          "z": -2.1405812111791507
        },
        "text": "Taxes",
        "upstream": [
          "38ff24ed-02d7-41cd-87e2-cde05f3672de"
        ],
        "downstream": [
          "22d76025-68a4-4d50-af75-b33170b80c1e"
        ],
        "isPinned": false
      },
      {
        "id": "47d507cc-b366-4408-a70b-4be926941e81",
        "position": {
          "x": 3.9915976394290267,
          "y": -1.543825048229977,
          "z": -0.8988879405143956
        },
        "endPosition": {
          "x": 3.9933261657309713,
          "y": -1.5440133693923777,
          "z": -0.8980006703191852
        },
        "text": "Personal Debt",
        "upstream": [
          "38ff24ed-02d7-41cd-87e2-cde05f3672de"
        ],
        "downstream": [],
        "isPinned": false
      },
      {
        "id": "0c9510fd-b17e-46f4-9250-a3ac707ae5c5",
        "position": {
          "x": -3.8832662872671335,
          "y": 2.0138714904643655,
          "z": -1.209438166422597
        },
        "endPosition": {
          "x": -3.8832662872671335,
          "y": 2.0138714904643655,
          "z": -1.209438166422597
        },
        "text": "Relationships",
        "upstream": [
          "94cc2aa4-41ae-4e9c-9c77-277ea8c76d77"
        ],
        "downstream": [],
        "isPinned": true
      }
    ]
  }
}