{
  "data": {
    "notes": [
      {
        "id": "c52c65b0-1198-4be2-bd56-1df4ff08b12f",
        "position": {
          "x": 0.9251854512970095,
          "y": -0.05071944246641396,
          "z": 0.00798678919633237
        },
        "endPosition": {
          "x": 0.9251023329347252,
          "y": -0.0510799193731669,
          "z": 0.008036187839302435
        },
        "text": "New Note Text",
        "upstream": [
          "ebbece85-837a-4315-b510-b5dee114a697"
        ],
        "downstream": [],
        "isPinned": false
      },
      {
        "id": "ebbece85-837a-4315-b510-b5dee114a697",
        "position": {
          "x": -0.4371823225862167,
          "y": 1.3178761102664593,
          "z": -0.3146478462469014
        },
        "endPosition": {
          "x": -1.3748976670652746,
          "y": 0.08715715687623798,
          "z": -0.013687214251858903
        },
        "text": "New Note Text",
        "upstream": [],
        "downstream": [
          "c52c65b0-1198-4be2-bd56-1df4ff08b12f"
        ],
        "isPinned": true
      }
    ]
  }
}