{
  "data": {
    "notes": [
      {
        "id": "c52c65b0-1198-4be2-bd56-1df4ff08b12f",
        "position": {
          "x": -2.486170552889935,
          "y": 1.184520384208855,
          "z": -0.29932169726968005
        },
        "endPosition": {
          "x": -2.0001271026593925,
          "y": 0.006335706455997472,
          "z": -0.002288658839664767
        },
        "text": "New Note Text",
        "upstream": [],
        "downstream": [
          "ebbece85-837a-4315-b510-b5dee114a697",
          "1bec8a54-21cc-400d-8218-d45d245f63d8"
        ],
        "isPinned": true
      },
      {
        "id": "ebbece85-837a-4315-b510-b5dee114a697",
        "position": {
          "x": 2.292638447328463,
          "y": -0.014672427788612816,
          "z": 0.005300276766164212
        },
        "endPosition": {
          "x": 2.292716621453522,
          "y": -0.01437746176105666,
          "z": 0.005193668820414692
        },
        "text": "New Note Text",
        "upstream": [
          "c52c65b0-1198-4be2-bd56-1df4ff08b12f",
          "aa07f06a-3ee3-4b2d-bb9f-eb2a77a6a55b",
          "1bec8a54-21cc-400d-8218-d45d245f63d8"
        ],
        "downstream": [],
        "isPinned": false
      },
      {
        "id": "1bec8a54-21cc-400d-8218-d45d245f63d8",
        "position": {
          "x": 0.03168521575713601,
          "y": 1.4886210960897264,
          "z": -0.17428957439681655
        },
        "endPosition": {
          "x": -0.0010342496275247415,
          "y": 0.030839672276273877,
          "z": -0.01114026354611035
        },
        "text": "New Note Text",
        "upstream": [
          "c52c65b0-1198-4be2-bd56-1df4ff08b12f"
        ],
        "downstream": [
          "ebbece85-837a-4315-b510-b5dee114a697"
        ],
        "isPinned": true
      },
      {
        "id": "aa07f06a-3ee3-4b2d-bb9f-eb2a77a6a55b",
        "position": {
          "x": -0.4717763564694281,
          "y": -1.4407465789232368,
          "z": 0.7862329661345099
        },
        "endPosition": {
          "x": -0.007283378546477995,
          "y": -0.08439946294009526,
          "z": 0.030487807255412416
        },
        "text": "New Note Text",
        "upstream": [],
        "downstream": [
          "ebbece85-837a-4315-b510-b5dee114a697"
        ],
        "isPinned": true
      }
    ]
  }
}